安全氣囊,倒車影像,倒車雷達,ACC主動式定速系統,車側盲點偵測系統(BLIS),車道偏移系統,電動後視鏡,keyless免鑰系統,HID頭燈,LED頭燈,天窗,霧燈,日行燈,衛星導航, DVD,數位電視,電動座椅,TCS循跡系統,ESP動態穩定系統,定速,鋁圈,恆溫空調,電動尾門 ,換檔撥片,ABS,皮椅,自動停車系統,胎壓偵測,多功能方向盤,兒童座椅
PA 行人安全輔助氣囊,CCD倒車影像,三眼式倒車雷達,ACC主動式車距維持定速系統 (Adaptive Cruis,BLIS 駕駛視覺盲點雷達感應系統,Audi active lane assist  主動式車道,大型電動後視鏡,Comfor Access 免鑰匙晶片控制系統,HID投射式氣體放電式頭燈,LED 智慧型頭燈,ONE-TOUCH 電動天窗附防夾控制,LED 後霧燈,LED 日行燈,BMW原廠中文衛星導航系統,6 片CD/DVD 換片機,DTV數位電視,10向前乘客座電動調整座椅,LSD限滑差速器+TCS循跡防滑系統,ESP 過彎動態輔助系統 (ESP? Curve Dynam,,14吋鋁合金輪圈,4區分離式恆溫空調系統含活性碳微濾網,EASY PACK 電動啟閉車尾門,三幅式真皮賽車方向盤(附換檔快撥片),4 輪防鎖死剎車系統 (ABS) 及電子剎車力分配 (EBD,3D體感紓壓皮椅(3D Relax),自動停車系統,TPMS 胎壓偵測系統,12 鍵多功能方向盤,ISO FIX兒童安全座椅固定機構
具備二階段前輔助氣囊、安全帶感知器及乘客辨別感知器的 Nis,倒車彩色影像輔助系統,四眼式倒車雷達,ACC 主動車距控制,BLIS盲點偵測系統,Audi active lane assist 主動式車道偏,可加熱電動車側後視鏡 (附方向燈,Comfort Access 免鑰匙晶片控制系統,HID投射式高亮度頭燈（附自動水平調整）,LED日行燈 (頭燈整合式),One-Touch防夾電動天窗,LED前霧燈,LED日行燈,HDD 原廠衛星導航系統,6 片DVD 換片機,HD高畫質數位電視,10向駕駛座電動調整座椅,TCS循跡防滑系統,ESP電子行車動態穩定系統,ASCD定速巡航系統,14吋鋁合金鋼圈,B 柱後座獨立空調出風口,EASY-PACK 電動啟閉尾門,三輻式多功能 nappa 真皮方向盤 (附換檔撥片),ABS 防鎖死煞車系,紅黑超跑透氣真皮椅,PAP 自動停車輔助系統,TPMS胎壓偵測系統,12控制鍵方向盤,ISO FIX兒童座椅固定裝置
駕駛座與乘客座位側面安全氣囊,倒車影像,四眼式倒車雷達（含距離圖像顯示）,ACC 主動車距控制巡航系統,BLIS視覺盲點偵測系統,Audi active lane assist 車道變換輔助,車外後視鏡(附電動折疊 / 電動調整 / 加熱功能),Comfort Access 免鑰匙晶片控制系統含行李廂感應,HID投射式魚眼頭燈(附自動水平調整),LED主動式轉向頭燈,ONE-TOUCH電動天窗 附防夾控制,LED霧燈,LED日行燈 (頭燈整合式),HDD 硬碟式衛星導航系統,6片CD/DVD換片機,電視功能,12向前乘客座電動調整座椅,TCS循跡防滑控制系統,ESP電子車身動態穩定系統,Audi主動式定速巡航系統,15吋鋁合金輪圈,B柱空調出風口,EASY-PACK電動啟閉尾門,三輻式多功能 nappa 真皮方向盤(附換檔撥片),ABS 防鎖死煞車系統,高質感尊爵黑皮椅,主動式停車輔助系統,TPMS胎壓偵測器,12鍵多功能方向盤,ISO─FIX 兒童座椅固定裝置
雙前座側方安全氣囊,倒車影像輔助,四眼式倒車雷達（含圖像式距離顯示）,ACC主動車距控制巡航系統,BSM盲點偵測系統附後車警示功能+盲點偵測功能,Audi side assist 車道變換輔助系統,車外後視鏡附電動折疊/電動調整/加熱功能,Comfort Access免鑰匙系統,HID氙氣頭燈,LED智慧型頭燈,ONE-TOUCH電動天窗附防夾控制,中置后霧燈,日行燈,HDD硬碟式衛星導航系統,6片DVD換片機,數位電視,12向駕駛座電動調整座椅,TCS循跡控制系統,動態穩定系統EPS/ESP,方向盤快撥鍵(音響/定速/MID控制),15吋鋁合金鋁圈,Dual Zone 雙區域恆溫空調系統,主動式電動後擾流尾翼,方向盤換檔裝置（鋁質換檔撥片）,ABS 防鎖死煞車系統 (Anti-lock brake s,高質感貴族黑皮椅,主動式停車輔助系統附前後雷達,TPWS胎壓偵測警示系統,2組駕駛座位置記憶功能 (附方向盤位置記憶),ISO─FIX 兒童座椅固定機構
雙前座側安全氣囊(Side Air Bag),倒車影像輔助系統,四眼式倒車輔助雷達,主動車距控制巡航系統,BSM盲點偵測警示系統,Audisideassist車道變換輔助系統,車外後視鏡附電動折疊/電動調整/加熱功能/自動防眩,Comfort Access免鑰匙晶片控制系統,HID氙氣頭燈（附轉向輔助燈）,LED智慧型頭燈套件,大型雙天窗,反射式前霧燈,炫目LED日行燈,LEXUS原廠中文衛星導航系統(附3D顯示功能),BMW Professional CD音響主機含硬碟、DVD,數位電視(附專用薄膜天線),14向前乘客座電動調整座椅,循跡系統TCS,動態穩定系統ESP,方向盤定速巡航控制系統,15吋鋁合金鋼圈,Dual Zone雙區域 恆溫空調系統,行李廂尾門（電動防夾可遙控）,方向盤換檔撥片,ABS 防鎖定煞車系統,黑色高質感裁縫皮椅,主動式路邊停車輔助功能,TPWS胎壓偵測警示系統 (Tire Pressure Wa,3幅式皮質方向盤 附類金屬飾板,ISOFI 後座兒童安全椅固定裝置
6具氣囊總數,倒車影像輔助系統 (Rear View Monitor Sy,四眼隱藏式倒車雷達,DA 車距警示功能,BSM盲點偵測警示系統 (Blind Spot Monito,LDA車道偏離警示系統 (Lane Departure Al,車外後視鏡附電動折疊/電動調整/加熱功能/自動防眩/位置記憶,Comfort Access免鑰匙晶片控制系統含行李廂感應式,HID氣體放電式氙氣頭燈（附自動水平調整）,LED頭燈,大型雙開啟模式電動天窗,反射式前霧燈（豪華晶鑽型）,標準型頭燈 (含 LED 日行燈),音響主機（觸控式DVD影音附衛星導航）,BMW Professional CD音響主機含硬碟與DVD,,14向駕駛座電動調整座椅,循跡系統TVS、TCS,動態穩定系統ESP、RSC,方向盤調整功能 (附音響、藍牙通訊、定速、旅程資訊控制鍵),15吋鋁圈,S-FLOW智慧型恆溫空調系統,行李廂電動尾門 (附防夾及遙控啟閉功能),換檔撥片,ABS／BAS／EBD／BOS剎車優先系統,駕駛席8向/乘客座4向電動調整皮椅,主動式路邊停車輔助系統,胎壓偵測,3幅式皮質方向盤附類金屬飾板,ISOFIX 兒童安全座椅固定扣
Sideguard SRS 頭部氣囊,倒車影像輔助系統 （車內後視鏡顯示）,後方倒車及停車偵測雷達,DA 車距警示系統,LaneWatch? 盲點監視系統,LDW 車道偏離警示系統,車外後視鏡附電動折疊/電動調整/加熱功能/位置記憶,Comfort Access免鑰匙晶片控制系統含感應式開啟功,HID氣體放電式氙氣頭燈（附自動水平調整））,LED頭燈含轉向輔助燈,天窗,后霧燈,,原廠HDD觸控式衛星導航系統,BMW Professional 音響主機含硬碟與DVD,,4向前乘客座電動調整座椅,循跡防滑控制系統（TCS),動態穩定系統ESP/,方向盤調整功能 (附音響、藍牙通訊、定速、旅程資訊控制鍵)（,16吋 10幅鋁合金輪圈,THERMATIC 雙區自動恆溫空調系統,感應式自動啟閉電動尾門,鋁合金方向盤換檔撥片,ABS/BAS/EBD三合一煞車系統,雙前座空調透氣皮椅,主動停車輔助 (Active Parking Assist),胎壓偵測(TPMS),4 幅式皮質方向盤,ISOFIX 兒童安全椅固定裝置
SideguardSRS頭部氣囊,倒車影像輔助系統 （附雙模式輔助線）,倒車雷達,,RVM車後盲點偵測系統,LDWS行車偏移偵測警示系統,車外後視鏡附電動折疊/電動調整/自動防眩/位置記憶,Keyless access免鑰匙系統,HID氣體放電式頭燈,LED頭燈型式,天窗（附防夾功能）,冷冽鍍鉻霧燈,,原廠衛星導航系統,BMW Professional音響主機 含硬碟、DVD與M,,8向前乘客座電動調整座椅,ASR 加速循跡防滑控制系統,動態穩定系統ESP/ETS,主動式定速控制系統含車道偏離警示系統,16吋七幅鋁合金輪圈,三區獨立全自動電子恆溫空調系統,電動升降尾翼,鋁合金塗裝方向盤換檔撥片,ABS/BAS/EBD煞車,Alcantara及真皮混搭座椅,主動停車輔助系統,胎壓偵測系統,4 幅式皮質方向盤（附木紋飾板）,ISOFIX 型式兒童安全座椅固定裝置
SRS車門輔助氣囊,倒車影像輔助系統（車內後視鏡顯示）,倒車雷達（MID指示）,,盲點偵測系統,LDWS車道偏移警示系統,車外後視鏡附電動折疊/電動調整/位置記憶,Keyless access免鑰匙系統 (含啟動按鍵),HID氣體放電式頭燈(附自動水平調整),LED頭燈組（附自動水平調整),天窗防夾,前 / 後霧燈,,高階原廠中文衛星導航系統,BMW Professional音響主機含硬碟、DVD與MP,,8向駕駛座電動調整座椅,ASR 加速循跡防滑控制系統 (Anti-slip regu,ASC車身動態穩定系統,主動式智慧定速系統,16吋鋁合金輪圈,三區獨立恆溫空調 (雙前座+後座),電動尾門,鋁製方向機柱換檔撥片,ABS/EBD/BAS 煞車輔助系統,Alcantara及真皮混搭舒適型跑車座椅,主動停車輔助系統 (Active Parking Assis,胎壓偵測警示系統,AMG nappa 真皮 3 輻跑車式方向盤 (平頂平底設計,ISOFIX 後座兒童安全椅固定裝置
SRS前後車窗輔助氣囊,倒車影像輔助系統(附停車輔助導引線),倒車雷達（四眼式）,,,LDW車道偏移警示系統,車外後視鏡附電動調整,Keyless Entry免鑰匙系統,HID氣體放電式頭燈附自動水平調整,LED頭燈組(附自動水平調整),太陽能天窗,前/ 後霧燈及高亮度側邊LED方向燈,,衛星導航,BMW Professional音響主機含硬碟與DVD,,M款雙前座電動調整座椅含記憶裝置,ASR 循跡防滑系統,ASC車身動態穩定控制系統,皮質方向盤(附音響/定速/免 持通話快撥鍵),16吋鋁合金鑰圈,三區獨立恆溫空調系統 (附花粉過濾功能),電動尾門附防夾安全裝置,整合式多功能真皮方向盤 (附換檔撥片及加熱功能),ABS／EBD／BAS／BOS煞車優 先系統,Alcantara皮革及布紋複合跑車座椅,自動停車系統,胎壓過低警示系統,AMG nappa 真皮四輻跑車方向盤,ISOFIX 童安全座椅固定扣
SRS駕駛側膝蓋輔助氣囊,倒車影像輔助系統（附雙模式輔助線）,倒車雷達+警示音,,,LKA 車道維持輔助系統,車外後視鏡附電動調整/加熱功能,Keyless 免鑰匙啟動裝置,HID氣體放電投射式頭燈 (附自動水平調整),立體鷹眼頭燈附LED前衛燈眉 (車寬燈)／頭燈水平調整,外滑式電動天窗,前/后霧燈,,衛星導航),BMW Professional音響主機含硬碟與DVD播放功,,M款雙前座電動調整座椅含駕駛座記憶裝置,ASR 循跡防滑控制系統,DSC動態穩定系統,多功能整合式方向盤(音響/定速),16吋鋁圈,分離式恆溫空調系統,電動尾門啟閉系統附防夾制機制,Individaul Merino 方向盤含換檔撥桿,ABS／EBD／BAS／BOS煞車優先系統,ARTICO 皮質 + DINAMICA 座椅,,胎壓過低警告系統,AMG 三輻式多功能nappa 真皮平底方向盤,ISO-FIX兒童安全座椅扣環
SRS雙前座輔助氣囊,倒車影像輔助系統+雙模式導引輔助線,倒車雷達二眼式,,,LKA車道偏移輔助系統,車外後視鏡電動調整,KEYLESS-GO 引擎啟動功,HID新式光源頭燈,立體鷹眼頭燈附LED前衛燈眉(車寬燈)／頭燈水平調整,全功能電動天窗,前/後霧燈,,衛星導航系統,BOSE?音響附單片吸入式DVD/AUX IN/MP3/WM,,八向電動調整駕駛座椅,ASR循跡防滑系統,DSC動態穩定控制系統,多功能整合式方向盤(音響/定速/導航),16吋雙色鋁合金輪圈,分離式恆溫空調系統含活性碳微濾網,電動尾門啟閉系統附防夾制機能,M款多功能真皮方向盤含換檔撥桿,ABS/EBD/BAS煞車輔助系統,ARTICO 皮質 座椅,,胎壓監控,AMG 車速感應跑車式動力方向盤,ISOFIX兒童安全座椅固定扣
SRS雙前座輔助氣囊（附乘客端解除開關）,倒車影像顯示系統,倒車雷達四眼式,,,主動式定速控制系統含車道偏離警示系統,車外電動後視鏡,KEYLESS-GO 引擎啟動功能,HID頭燈,全 LED 智慧型頭燈,全景天窗,前／後霧燈,,衛星導航系統內建陀螺儀,C0MAND 多媒體系統內建 DVD 換片機,,右前座椅電動調整,CTC 彎道循跡控制,DSC動態穩定控制系統?,自動煞停&起步功能的主動式定速巡航控制系統,"17吋""Impression""鋁合金輪圈",分離式恆溫空調系統含活性碳微濾網?,電動尾門啟閉系統附防夾制機能?,M款專屬多功能真皮方向盤含換檔撥桿,ABS+BAS+EBD,ARTICO 皮質座椅,,胎壓監測系統 (TPMS),AMG 高性能 nappa 真皮 多功能方向盤材質,ISOFIX兒童安全座椅固定裝置
右前座 SRS 氣囊?閉裝置,HUD倒車距離顯示功能(售服配件),倒車雷達附距離顯示,,,車道偏離警示,車外廣角電動後視鏡,KEYLESS-GO 免鑰匙晶片控制,HID頭燈（附轉向輔助燈及頭燈清洗器）,全LED極光頭燈組,全景式天窗,前後霧燈,,衛星導航設備,CD/DVD/USB/MicroSD讀取裝置,,助手席 4 向電動座椅,DSTC 動態循跡防滑控制系統,ESC 行車動態穩定系統,具備方向盤控制鈕的定速控制系統,17吋Elegant鋁合金輪圈,手套箱空調連動冷藏裝置,電動尾翼,M款跑車式多功能真皮方向盤含換檔撥桿,ABSplus 防鎖死煞車系統,ARTICO 皮質座椅材,,胎壓監測警示系統,AMG 專屬平底三輻式 多功能 nappa 真皮方向盤,ISO-FIX兒童安全座椅固定裝置
右前座SRS 氣囊啟閉裝置,四眼式倒車雷達（含距離圖像顯示）,倒車雷達前,,,車道偏離警示系統,車身同色車側後視鏡(電動收折),KEYLESS-GO免鑰匙晶片控制,HID頭燈（附轉向輔助燈與頭燈清洗器）,全LED頭燈,全景式玻璃天窗,前後霧燈、迎賓照明燈光組,,觸控式衛星導航系統,COMAND Online 多媒體系統內建 DVD 換片機,,助手席4向電動座椅,EBC 減速循跡防滑控制系統,ESC 行車動態穩定系統(整合電子差速鎖定功能),定速巡航,17吋Trendy鋁合金輪圈,手套箱附鎖及照明/空調通風功能,電動啟閉行李廂尾門,Paddle Shift 換檔快撥鍵,ABS防止煞車鎖死系統,,PDC 前後停車導引系統,胎壓檢測,EPS電子動力方向盤,ISO-FIX兒童安全座椅固定機構
右前座SRS氣囊?閉裝置,四眼式倒車雷達（含圖像式距離顯示）,倒車雷達前、後,,,車道變換輔助系統,車身同色電動車外後視鏡附加熱功能,KEYLESS-GO套件,投射式HID氣體放電式頭燈,多光束 LED 智慧型頭燈,全景式電動天窗,前晶炫霧燈,,多功能整合式方向盤(音響/定速/導航),COMAND 多媒體系統內建 DVD 換片機,,前乘客座椅側電動調整按鈕,TCL循跡防滑控制系統,ESC行車動態穩定系統,定速巡航系統,17吋TURBO專用鋁合金輪圈,手動空調(單區),電動啟閉行李箱尾門,Paddle Shift方向盤換檔快撥鍵,ABS防鎖死,ARTICO皮質 ＋ DINAMICA 細織布座椅,PDC 前後圖像式停車導引系統,胎壓警示系統,EPS電動輔助方向盤,ISOFIX兒童安全椅安裝系統
右前座SRS氣囊啟閉裝置,倒車雷達附距離顯示,倒車雷達前/後,,,車道變換警示系統,車身同色電動調整後視鏡,Keyless免匙系統,投射式HID頭燈,投射式 LED 頭燈附自動水平調整,全景式電動天窗（附電動遮陽簾）,前霧燈,,多媒體影音導航系統,COMAND 含前置 6 片 CD/DVD 換片機,,前座12向電動調整座椅,TRC 循跡防滑控制系統,ESC電子車身動態穩定系統,定速巡航系統(附夜間照明),17吋十幅式鋁合金輪圈,手動恆溫空調,電動啟閉尾門,方向盤換檔,ABS防鎖死煞車系統,ARTICO皮質座椅,PDC 後方停車導引系統,電子監控胎壓警示系統,F SPORT真皮方向盤,ISOFIX兒童安全椅固定
右前座正面氣囊,倒車影像輔助系統 （車內後視鏡顯示）,倒車雷達前2後4,,,智慧行車安全顯示器 Smart Hud (車道偏移警示功能 ,車側後視鏡附電動折疊/電動調整/加熱功能,Keyless車門啟閉功能,投射式HID頭燈(附自動水平調整),矩陣式全LED極光頭燈組,全景式電動玻璃天窗,前霧燈 (附角落照明功能),,具備聲控功能的 Nissan 硬碟式導航系統,DVD 換片機,,前座駕駛座椅八向電動調整,TRC循跡防滑控制系統,VDC&TCS動態穩定系統,定速巡航控制,17吋鋁合金輪圈,手動恆溫空調系統,電動開闔尾門/行李蓋,方向盤換檔裝置,ABS防鎖死煞車控制系統,Cool Tech皮質座椅,PDC 後停車導引系統,胎壓偵測警示系統?,F1方向盤換擋撥片,ISOFIX兒童座椅固定系統
右前座輔助氣囊,倒車影像輔助系統（車內後視鏡顯示）,倒車雷達前後,,,,車側後視鏡附電動折疊/電動調整/加熱功能/自動防眩/位置記憶,Keyless車門啟閉系統,高亮度HID遠/近雙氙氣自動調整頭燈,智慧型 LED 頭燈,全景式電動玻璃天窗含防夾制機能,前霧燈（含鍍鉻飾條）,,動態水平顯示附電子羅盤(需選配導航系統),DVD主機,,前座駕駛座椅八向電動調整（六向手動）,TRC循跡防滑控制系統 (Traction Control),VDC車輛動態穩定系統,定速巡航控制系統,17吋鋁合金鑰圈,日照感應式三區獨立恆溫空調,電動開闔尾門附防夾功能,方向盤換檔撥桿,ABS防鎖定剎車系統,CoolTech皮質座椅,PDC前後停車導引系統,,F專屬真皮方向盤,ISO-FIX兒童座椅固定裝置
右前座膝部氣囊,倒車影像顯示系統,倒車雷達前後方四眼式,,,,車側後視鏡鏡面電動調整,Keyless感應門鎖,晶鑽頭燈（HID氙氣式）,遠近光氙氣頭燈(附LED日間行車燈及高壓頭燈清洗裝置),全景式觀景天窗,前霧燈/後霧燈,,智慧車載導航系統,DVD換片機,,後座調整座椅（電動調整）,四輪電子循跡控制系統 (4ETS),VDC車輛動態穩定控制系統,定速巡航控制鍵,17吋鋁圈,日照感應式四區獨立恆溫空調,電動開闔附自動吸附式尾門,跑車式多功能真皮方向盤含換檔撥桿,ABS防鎖定煞車系統,Dakota真皮座椅,Rear Assist 顯影式停車導引系統,,Individaul Merino 方向盤含換檔撥桿,ISOFIX型式兒童安全座椅固定裝置
右後座防潛滑SRS氣囊,倒車顯示系統,倒車雷達前後四眼式,,,,車側電動摺疊後視鏡,Smart Keyless 智慧型啟閉系統,超廣角HID氣體放電式頭燈,標準型 LED 頭燈,全景式觀景天窗(附電動遮陽板),後晶炫霧燈,,觸控式行車導航資訊系統,DVD播放系統,,乘客席4向電動調整座椅,循跡系統,VSA 車身動態穩定控制系統,定速巡航裝置,18吋 “Interlagos”鋁合金輪圈,日照感應式恆溫空調,遙控電動啟閉尾門,跑車式真皮方向盤含換檔撥桿,ABS防鎖定煞車系統 (Anti-lock Brake Sy,designo 真皮座椅,Rear Assist顯影式停車導引系統,,Inscription 原木銜覆鋁合金方向盤,ISOFIX後座兒童安全座椅固定座
右後座防潛滑氣囊,倒車顯示系統(含俯視功能),倒車雷達後,,,,後視鏡電動折疊,免鑰匙啟動車門鎖,超廣角HID氣體放電式頭燈（附自動水平調整）,標準型LED頭燈,車頂置物架（搭配電動天窗）,後霧燈,,Garmin?  MAP PILOT 中文衛星導航系統,DVD播放機,,座椅高低調整電動,循跡系統ASC/ESC,VSA車身動態穩定控制系統,定速系統,"18吋""Innovation""鋁合金輪圈",日照感應式雙前座獨立恆溫空調含後座出風口,,,ABS電子式防鎖死煞車系統,FineNappa真皮座椅,Volkswagen PDC 前後停車導引系統,,Motion Adaptive 方向盤動態修正輔助系統,ISOFIX後座兒童安全座椅固定座?
全尺寸SRS雙前座氣囊,,倒車雷達後方四眼式,,,,後視鏡電動折疊附照地燈,免鑰匙晶片控制系統,遠近雙HID氣體放電式頭燈(附自動水平調整),標準型頭燈 (含 LED 日行燈),車窗/天窗便利控制裝置,後霧燈、迎賓照明燈光組,,可選配 Garmin?  MAP PILOT 中文衛星導航,HDD硬碟式單片吸入DVD/MP3車速感應音量調整,,座椅高低調整電動10向,循跡系統ASR,VSC 車身動態穩定系統 (附VSC SPORT模式),定速控制系統,18吋Dynamic鋁合金輪圈,日照感應式雙區獨立恆溫空調,,,EBD+ABS+BAS 三合一剎車系統,Nappa 真皮座椅,Volkswagen PDC 後方停車導引系統,,Motion Adaptive方向盤動態修正輔助系統,
全尺寸雙前座SRS氣囊,,倒車雷達智慧型電子,,,,後視鏡電動折疊附照地鏡,免鑰匙晶片控制系統 (Keyless Go),遠近雙模式HID頭燈,頭燈光源LED,防夾電動天窗(x2),後霧燈功能,,衛星導航系統[註],MP3/WMA CD 及 DVD 視訊播放能力,,座椅高低調整電動10向+副駕駛電動8向,循跡系統ASR/EBC,動態穩定系統,定速控制系統?,18吋鋁合金輪圈,四區分離式恆溫空調系統含活性碳微濾網,,,防鎖死查車系統（ABS）,Nappa真皮座椅,右前方停車影像輔助系統,,M款多功能真皮方向盤,
全尺寸雙前座氣囊,,倒車雷達標配,,,,後視鏡電動折疊電動+自動收摺,免鑰匙晶片控制套件，包含：,頭燈光源HID,頭燈光源L-Shaped LED,防夾電動天窗(x4),高亮度前後霧燈,,衛星導航系統[註5],Panasonic 全彩觸控DVD影音播放系統,,座椅高低調整電動8向,循跡系統ASTC,動態穩定系統AdvanceTrac,定速控制系統含煞車功能,18吋鋁合金鋼圈,左右獨立恆溫空調,,,防鎖死煞車系統(ABS),Nappa真皮座椅材質,前方停車偵測雷達,,M款多功能真皮方向盤含換檔撥桿,
多段式作動前氣囊 × 2,,倒車雷達隱藏式倒車雷達,,,,後視鏡電動折疊電動折疊,免鑰匙開啟&啟動,,燻黑 LED 頭燈(附自動水平調整),帷幕式全景雙天窗,高亮度前霧燈,,,SMART DVD 附高IQ智慧手機連結,,座椅高低調整駕駛座8向電動,循跡系統ATV,動態穩定系統ASC,定速裝置,19吋鋁合金輪圈,左右獨立恆溫空調系統,,,防鎖定煞車系統 (ABS),Nuluxe豪華皮革/Canvas織布座椅,前後方停車警示系統,,M款專屬多功能真皮方向盤含換檔撥桿,
助手席 SRS 輔助氣囊,,倒車雷達隱藏式雙倒車雷達,,,,後視鏡電動折疊遙控可摺,免鑰匙開啟/引擎觸控啟動系統,,,電動天窗,高亮度穿透式前霧燈,,,Split View 多重視窗功能＋DVD 換片機,,座椅高低調整駕駛座電動,循跡系統DSC,動態穩定系統ASC/ESC,定速裝置附速度限制器,Sonora 鋁圈 (7.5Jx17),左右獨立雙域恆溫空調系統,,,高效能整合式ABS煞車系統,Nuluxe豪華皮革座椅,,,M款跑車式多功能真皮方向盤含換檔撥桿,
助手席SRS輔助氣囊,,倒車輔助雷達,,,,後視鏡電動折疊標配,,,,電動天窗(附防夾裝置),高亮度穿透式後霧燈,,,六片式DVD換片機,,座椅高低調整雙前座電動,循跡系統ESC,動態穩定系統ASR,定速裝置附速度限制器 (SPEEDTRONIC),動感五爪18吋鋁圈,全自動恆溫空調系統,,,高效整合式 ABS 煞車系統,PASSION真皮座椅,後方停車警示系統,,Nappa 真皮 3 輻跑車式方向盤 (平底設計),
助手席輔助氣囊,,倒車輔助雷達（四顆）,,,,後視鏡電動調整,,,,電動天窗全景,高亮度廣角前霧燈,,,主機內建式換片機（1DVD）,,高質感十向電動調整皮質座椅,循跡系統ESP,動態穩定系統ASTC,定速裝置附速度限制器(SPEEDTRONIC),鋁圈,全自動電子恆溫空調系統,,,高效整合式ABS煞車系統,Semi Aniline 頂級真皮座椅,後方圖像式停車警示系統,,Nappa 真皮方向盤,
助手座SRS前輔助氣囊,,停車偵側 / 倒車輔助雷達,,,,專屬車色電動調整後視鏡,,,,電動天窗全景式,高穿透式前 / 後霧燈,,,多媒體系統CD/DVD,,副駕駛座4向可調整電動座椅,循跡系統TCL,動態穩定系統DSC,真皮方向盤附音響與定速巡航控制鍵,鋁圈（16吋）,全自動電子恆溫空調系統 (Climatronic),,,煞車輔助系統ABS/BAS/EBD,Semi Aniline頂級真皮座椅,後停車導引系統,,Nappa 真皮方向盤及真皮排擋桿,
車門SRS輔助氣囊,,停車偵測 / 倒車輔助雷達,,,,電動可加熱除霧車外後視鏡 (整合 LED 側面方向燈),,,,電動天窗全景式玻璃天窗附上掀功能,高聚光力前霧燈,,,多媒體系統DVD,,副駕駛座八向電動調整座椅,循跡系統TRC,動態穩定系統DSC、DDC,節能定速巡航系統,鋁圈16 吋,自動恆溫空調系統附粉塵過濾裝置,,,煞車輔助系統ABS/EBD/BAS/BOS,Semi-Aniline頂級真皮座椅,,,Nappa 真皮四輻方向盤,
車門內頭部氣囊 × 2,,廣角倒車雷達,,,,電動可折後視鏡,,,,電動天窗全景式電動天窗,雙後霧燈,,,多媒體系統DVD觸控螢幕,,第三排座椅（電動2段式收折）,循跡系統標配,動態穩定系統DSTC、CTC、ASC,,鋁圈16吋,冷暖空調,,,煞車輔助系統BOS/ABS/EBD/BAS/ESS,Vienna Classic真皮座椅,,,Nappa真皮方向盤,
車側SRS 頭部氣囊,,隱藏式倒車雷達,,,,電動可調式車外後視鏡,,,,電動天窗標配,,,,多媒體系統觸控式DVD,,第三排隱藏式座椅（電動）,循跡防滑控制系統,動態穩定系統DTC、DSC,,鋁圈17 吋,冷暖空調(智慧型恆溫),,,煞車輔助系統EBD/ABS/BAS,Vienna 真皮座椅,,,Nappa真皮方向盤及真皮排擋桿,
車側SRS頭部氣囊,,隱藏式雙倒車雷達,,,,電動可調車側後視鏡附電動格納,,,,電動天窗選配,,,,含硬碟與DVD,,舒適型八向電動調整真皮座椅,循跡控制系統,動態穩定系統EBA,,鋁圈17吋,直覺式空調操控介面,,,防鎖死煞車系統,Vienna真皮跑車式座椅,停車感應雷達（前方/後方）,,Paddle Shift方向盤換檔快撥鍵,
車側簾式 SRS 氣囊,,雙後倒車雷達,,,,電動可調後視鏡,,,,電動天窗雙開啟式,,,,後座專屬藍光DVD影音系統 (附遙控操作功能),,舒適型分離式電動後座椅,,動態穩定系統ESC,,鋁圈18 吋,空調,,,,人體工學透氣式皮質座椅,停車雷達(附開關及導引面板),,PU高低可調動力方向盤,
車側簾式 SRS 氣囊 (延伸至第三排),,,,,,電動收折/調整後視鏡,,,,電動天窗雙開啟模式,,,,後座影音系統(含雙後座螢幕、DVD播放機、影音輸入端子及iD,,運動型高包覆力八向電動調整真皮座椅,,動態穩定系統VDC,,鋁圈18吋,空調/音響/通訊系統,,,,平織布/皮質座椅,停車雷達-MID指示,,Q3專屬三輻式真皮多功能方向盤,
車側簾式SRS氣囊,,,,,,電動收折車外後視鏡,,,,電動多段調整全景式玻璃天窗,,,,後座獨立DVD播放系統,,電動收折第三排座椅,,動態穩定系統VSA,,鋁圈19 吋,空調出風口類金屬飾框,,,,皮革座椅,停車雷達系統,,R-Design 透氣式真皮跑車級握感方向盤,
車側簾幕式SRS氣囊,,,,,,電動收折車側後視鏡,,,,電動防夾全景式玻璃天窗,,,,音響主機(附MP3讀取格式)+整合式 1DVD,,駕駛座 8 向電動座椅,,動態穩定系統VSC,,鋁圈19吋,空調出風口類金屬調整鍵,,,,皮質人體工學舒適座椅,停車輔助系統（前2後4）,,R-Design透氣式真皮跑車級握感方向盤,
車側簾幕式輔助氣囊,,,,,,電動收折車側後視鏡 (車身同色附方向燈),,,,電動防夾玻璃天窗,,,,音響主機(附MP3讀取格式)-觸控式DVD影音主機,,駕駛座 8 向電動座椅附電動腰靠調整,,動態穩定系統VSC、VDIM,,鋁圈20吋,空調系統(手動）,,,,皮質座椅,停車輔助系統（前4 後4）,,RS4專屬三輻式真皮多功能平底跑車方向盤,
車窗氣囊 × 2,,,,,,電動收折車側後視鏡(車身同色附方向燈),,,,電動玻璃天窗,,,,音響主機（觸控式DVD影音附衛星導航）,,駕駛座8向可調電動座椅 (附電動腰靠調整),,動態穩定系統VSM,,鋁圈21吋,空調系統（旋鈕式）,,,,皮質座椅（不織布）,停車輔助系統（前4後4）,,RS5專屬三輻式真皮多功能平底跑車方向盤,
兩側車窗氣囊,,,,,,電動收摺後視鏡 (附上鎖手動收摺功能),,,,電動玻璃天窗含防夾制機能,,,,音響系統CD/DVD,,駕駛座8向電動座椅,,動態穩定系統標配,,Galateia 19 吋鋁合金輪圈,空調系統含粉塵濾網,,,,皮質座椅材質,停車輔助系統（前6後4）,,RS7專屬三輻式真皮多功能平底跑車方向盤,
門內式氣囊,,,,,,電動收摺後視鏡(附轉向指示燈),,,,電動窗/天窗防夾功能,,,,音響系統DVD,,駕駛座8向電動座椅附腰靠調整,,電子車身動態穩定系統附加RCS車輛防滾系統,,Magni 18 吋鋁合金輪圈,空調系統附粉塵手動過濾裝置,,,,皮質跑車座椅,停車輔助系統附停車導引,,S3專屬平底式賽車多功能方向盤,
門簾式氣囊,,,,,,電動收摺後視鏡附轉向指示燈,,,,電動窗天窗防夾功能,,,,音響系統DVD、CD、MP3,,駕駛座八向電動座椅,,,,Magni18 吋鋁合金輪圈,空調系統附粉塵過濾裝置（自動皕禳^,,,,"全車""Nappa""真皮座椅",停車輔助套件,,S5專屬三輻式真皮多功能平底跑車方向盤,
前 / 後座側氣囊,,,,,,電動收疊後視鏡(附LED方向燈),,,,電動窗防夾：車門+天窗,,,,音響系統DVD/MP3,,駕駛座八向調整電動座椅,,,,Matres 16 吋鋁合金輪圈,前後座鍍鉻空調出風口,,,,有氧舒適皮質座椅（織布）,停車輔助套件含倒車輔助攝影機,,S6 專屬三輻式真皮多功能跑車方向盤,
前後座頭部空氣囊,,,,,,電動折收後視鏡,,,,雙開啟模式電動天窗,,,,音響系統HiFi高傳真、DVD,,駕駛座十向電動調整座椅,,,,Midir Black DC1 吋鋁合金輪圈,前後獨立空調,,,,米色豪華皮質座椅,圖像式後方停車警示系統,,S7專屬三輻式真皮多功能平底跑車方向盤,
前後座簾式頭部空氣囊,,,,,,電動折收調整加熱後視鏡,,,,雙模式防夾電動天窗,,,,音響系統HiFi高傳真/DVD,,駕駛座椅電動調整,,,,Midir Black DC18吋鋁合金輪圈,前座中扶手後方空調出風口,,,,原廠真皮專利座椅,圖像式停車警示系統,,S8專屬三輻式真皮多功能跑車方向盤,
前乘客座Dual Chamber雙球體SRS氣囊,,,,,,電動折疊/電熱除霧門邊後視鏡,,,,雙模式單觸全景式雙天窗附防夾功能,,,,音響系統MP3、DVD,,駕駛座電動座椅記憶功能,,,,Pan 18 吋鋁合金輪圈,前座冷暖空調,,,,座椅包覆（真皮）,圖像式停車警示系統?,,Servotronic車速感應式動力方向盤,
前乘客座頭頸部及骨盆側氣囊,,,,,,電動折疊車側後視鏡,,,,雙模式開啟天窗,,,,音響系統MP3、DVD、CD,,獨立式後座舒適型電動座椅(12向調整),,,,Situla 18 吋鋁合金輪圈,前座空調,,,,座椅包覆真皮,PAC 停車輔助攝影機,,Servotronic車速感應式動力方向盤?,
前座SRS氣囊,,,,,,電動折疊車側後視鏡(附LED轉向指示燈/電動除霧功能),,,,,,,,音響系統MP3、DVD、HiFi 高傳真、CD,,獨立式後座舒適跑車型電動座椅(12向調整),,,,Thalia 18 吋鋁合金輪圈,後座中央空調出風口,,,,座椅材質(ARTICO皮質+織布),,,Servotronic速度感應式動力方向盤,
前座正面氣囊,,,,,,電動折疊門邊後視鏡,,,,,,,,音響系統MP3、harman / kardon、DVD、CD,,雙曲控制第三排電動收折座椅 (電動傾斜可調),,,,Valder 17 吋鋁合金輪圈,後座中央鞍座、B 柱空調及足部出風口,,,,座椅材質(真皮),,,ST方向盤（附四向調整）,
前座氣囊 × 2,,,,,,電動折疊後視鏡,,,,,,,,音響系統MP3、harman/kardon、DVD、CD,,雙前座12向電動調整座椅,,,,Zephyrus 18 吋鋁合金輪圈,後座中央鞍座、B 柱空調出風口,,,,座椅材質-Hexagon 織布/麂皮,,,TT進階真皮多功能跑車方向盤,
前座氣囊 ×2,,,,,,電動折疊後視鏡 (附電動除霧及潑水功能),,,,,,,,音響系統MP3/DVD,,雙前座八向調整電動座椅,,,,十幅式/五幅式17吋鋁合金輪圈,後座中央鞍座、B柱空調及足部出風口,,,,座椅材質皮布雙織,,,三幅四向調整式真皮動力方向盤,
前座側面及骨盆防護氣囊 × 2,,,,,,電動折疊後視鏡（附方向指示燈）,,,,,,,,音響系統MP3/DVD/CD,,雙前座舒適型電動座椅(22向調整),,,,十幅式17吋鋁合金輪圈,後座中央鞍座、B柱空調出風口,,,,座椅材質皮革,,,三幅四向調整式真皮動力多功能方向盤,
前座側面氣囊,,,,,,電動折疊後視鏡(附方向燈指示),,,,,,,,音響系統MP3/DVD/CD/WMA,,雙前座舒適型電動座椅含記憶裝置,,,,近黑色金屬表面處理輪圈,後座冷暖空調出風口,,,,座椅材質真皮,,,三幅四向調整式動力方向盤,
前座側面氣囊 (包含骨盆氣囊),,,,,,電動折疊後視鏡(附電熱除霧功能),,,,,,,,原廠Radio High 音響主機(含硬碟/DVD/CD/M,,雙前座跑車電動調整座椅含駕駛座記憶裝置,,,,特殊黑色超輕量 RAYS? 鍛造合金輪圈,後座空調出風口,,,,座椅材質麂皮,,,三幅四向調整式速度感應動力方向盤,
前座側面氣囊 (含骨盆氣囊),,,,,,電動折疊後視鏡附方向指示燈,,,,,,,,原廠RadioHigh音響主機(含硬碟/DVD/CD/MP3,,雙前座電動座椅,,,,超輕量 RAYS? 鍛造合金輪圈,後座空調出風口?,,,,座椅材質麂皮+皮革,,,三幅四向調整式速度感應動力真皮多功能方向盤,
前座側面氣囊 × 2,,,,,,電動後視鏡（除霧/上鎖後自動收折/電動調整）,,,,,,,,原廠Radio音響主機(含硬碟/DVD/CD/MP3播放功能,,雙前座電動座椅含駕駛座記憶功能,,,,輪圈規格15吋、鋁合金,後座空調控制面板,,,,真皮（含合成麂皮飾件）前座椅,,,三幅四向調整式電子動力輔助方向盤,
前座側氣囊 (含骨盆氣囊),,,,,,電動摺收車門後視鏡,,,,,,,,原廠整合式DVD影音系統,,雙前座電動跑車座椅含駕駛座記憶裝置,,,,輪圈規格16吋、鋁合金,後座專用空調,,,,真皮座椅,,,三幅四向調整式電子動力輔助真皮方向盤,
前座側氣囊 × 2,,,,,,電動摺疊大型後視鏡,,,,,,,,單片 DVD 播放機,,雙前座電動調整座椅含駕駛座記憶裝置,,,,輪圈規格17吋、鋁合金,後座輔助空調出風口,,,,真皮座椅材質,,,三幅四向調整感應動力真皮多功能方向盤,
前座側窗氣囊,,,,,,電動摺疊車外後視鏡,,,,,,,,單片 DVD播放機,,雙前座電動調整跑車座椅含駕駛座記憶裝置,,,,輪圈規格18吋、鋁合金,後座獨立可調式空調系統,,,,高包覆力半皮質運動跑車座椅,,,三幅式+真皮包覆方向盤,
前座側窗氣囊 (V250d Avantgarde 為前後側窗,,,,,,電動摺疊門邊後視鏡(附中控鎖連動功能),,,,,,,,單片DVD,,雙座電動調整座椅含駕駛座記憶裝置,,,,鋁合金輪圈,後座獨立空調,,,,高包覆性跑車座椅(Alcantara?與皮質),,,三幅式方向盤,
前座側窗頭部氣囊 × 2,,,,,,電動摺疊後視鏡,,,,,,,,硬碟與DVD,,雙座電動調整跑車座椅含駕駛座記憶裝置,,,,鋁合金輪圈(7.5 J x 17),後座獨立空調出風口,,,,高級皮質座椅,,,三幅式方向盤（真皮）,
前座側輔助氣囊,,,,,,電動摺疊後視鏡附方向指示燈,,,,,,,,硬碟與DVD 播放,,,,,,,後座獨立空調控制,,,,高級皮質座椅（Nappa級）,,,三幅式真皮方向盤,
前座側邊氣囊 × 2,,,,,,電動調整收納車外後視鏡,,,,,,,,整合式DVD影音娛樂系統（附MP3功能）,,,,,,,後座獨立空調控制系統及出風口,,,,高級絲絨皮質座椅,,,三幅式真皮方向盤/真皮排檔桿,
前座側邊氣囊 ×2 (結合頭頸部/骨盆氣囊),,,,,,電動調整收納車外後視鏡 (附R檔自動向下調整),,,,,,,,觸控式DVD音響主機附防盜密碼,,,,,,,後座環艙空調出風口,,,,高級舒適皮質座椅,,,三幅式真皮包覆軟質方向盤,
前座側邊輔助氣囊,,,,,,電動調整車外後視鏡,,,,,,,,觸控式DVD影音系統(附MP3讀取格式),,,,,,,後座雙區自動恆溫空調,,,,高質感八向手動調整皮質座椅,,,三幅式真皮賽車方向盤,
前座雙氣囊,,,,,,電動調整車側後視鏡,,,,,,,,,,,,,,,恆溫空調,,,,高質感皮質座椅,,,三幅式真皮賽車方向盤(附換檔快撥片),
前座雙輔助氣囊,,,,,,電動調整車側後視鏡(鏡面),,,,,,,,,,,,,,,恆溫空調（附粉塵過瀘裝置）,,,,高質感豪華皮質座椅,,,三幅式高低可調方向盤,
後座SRS 側氣囊,,,,,,電動調整後視鏡,,,,,,,,,,,,,,,恆溫空調3區,,,,頂級跑車真皮座椅,,,三幅式動力方向盤,
後座SRS側氣囊,,,,,,電動調整後視鏡附三組記憶及加熱除霧裝置,,,,,,,,,,,,,,,恆溫空調4區,,,,頂級滾邊軟質透氣真皮座椅,,,三幅式軟質方向盤,
後座側面氣囊,,,,,,電動鏡面調整後視鏡,,,,,,,,,,,,,,,恆溫空調二區,,,,尊貴皮質座椅,,,三幅式軟質方向盤(附音響控制鍵),
後座側邊氣囊 × 2,,,,,,廣角電動收折後視鏡,,,,,,,,,,,,,,,恆溫空調三區,,,,舒適型手動調整皮質座椅,,,三幅式軟質真皮方向盤/真皮排檔桿,
後座側邊氣囊 ×2,,,,,,廣角電動調整車外後視鏡,,,,,,,,,,,,,,,恆溫空調四區,,,,超體感真皮複合座椅,,,三幅真皮四向調整式動力方向盤,
乘客座防潛滑SRS氣囊,,,,,,廣角電動調整車外後視鏡（附電動收摺、加熱除霧、駕駛座端防眩及,,,,,,,,,,,,,,,恆溫空調左右獨立,,,,黑／紅 Recaro? 真皮前座椅,,,三幅真皮四向調整式動力多功能方向盤,
氣囊總數6具,,,,,,雙邊電動折疊調整式後視鏡含自動加熱功能,,,,,,,,,,,,,,,恆溫空調系統,,,,黑色豪華皮質座椅,,,三輻 nappa 真皮方向盤,
側面氣囊 + 側撞防護,,,,,,雙邊電動折疊調整後視鏡含自動加熱功能,,,,,,,,,,,,,,,恆溫空調單區,,,,運動化高包覆性皮質座椅,,,三輻 nappa 真皮多功能 (12 按鍵) 跑車方向盤,
側窗氣囊,,,,,,可調整自動防眩車內後視鏡,,,,,,,,,,,,,,,恆溫空調智慧式電子,,,,運動型皮質/菱格紋織布座椅,,,三輻式 多功能 nappa 真皮方向盤,
側窗頭部氣囊,,,,,,自動防眩車內及車外後視鏡,,,,,,,,,,,,,,,恆溫空調智慧型電子,,,,豪華真皮座椅,,,三輻式平底跑車方向盤,
側窗頭部氣囊 × 2,,,,,,自動防眩車內及駕駛側後視鏡,,,,,,,,,,,,,,,恆溫空調智慧雙區獨立,,,,豪華真皮座椅材質,,,三輻式多功能 nappa 真皮方向盤,
側窗頭部氣囊 ×2,,,,,,自動防眩車內後視鏡,,,,,,,,,,,,,,,恆溫空調標配,,,,德意志高質感皮質設計座椅,,,三輻式多功能 nappa 真皮方向盤 (附換檔撥片),
膝部氣囊,,,,,,自動防眩車內後視鏡及駕駛座側外後視鏡,,,,,,,,,,,,,,,恆溫空調整合式觸控熒幕,,,,Alcantara 類麂皮/真皮,,,三輻式多功能 nappa 真皮方向盤(附換檔撥片),
駕駛及前座乘客側面撞擊輔助氣囊及車頂簾幕式側面撞擊輔助氣囊,,,,,,自動防眩車外後視鏡 (附電熱除霧功能),,,,,,,,,,,,,,,恆溫空調雙區,,,,Alcantara類麂皮/真皮,,,三輻式多功能 nappa 真皮跑車方向盤,
駕駛座 i-SRS 輔助氣囊,,,,,,自動防眩車室後視鏡,,,,,,,,,,,,,,,恆溫空調觸控,,,,Alcantara類麂皮/真皮搭配菱格紋縫線與RS印記,,,三輻式真皮方向盤,
駕駛座、前乘客座之側氣囊,,,,,,自動防眩車側後視鏡,,,,,,,,,,,,,,,陶瓷控制旋鈕 (含音響、空調、iDrive旋鈕及排檔桿),,,,Alcantara類麂皮頂棚,,,三輻式真皮多功能方向盤,
駕駛座/助手座SRS前輔助氣囊,,,,,,自動防眩後視鏡,,,,,,,,,,,,,,,陶瓷控制旋鈕(含音響、空調、iDrive旋鈕及排檔桿),,,,Individual Alcantara麂皮車內頂篷,,,三輻式真皮多功能平底跑車方向盤,
駕駛座SRS 膝部氣囊,,,,,,自動防眩暈車內後視鏡,,,,,,,,,,,,,,,智慧型左右獨立雙區恆溫空調,,,,S印記 Alcantara類麂皮/真皮,,,手動4向方向盤位置調整,
駕駛座SRS前輔助氣囊,,,,,,自動調光車內後視鏡,,,,,,,,,,,,,,,智慧型左右獨立雙區皕襲N暖空調,,,,內裝 - Grey Shadow 織布/麂皮,,,方向盤 VSi 資訊遙控,
駕駛座SRS膝部氣囊,,,,,,車內自動防眩後視鏡,,,,,,,,,,,,,,,智慧型左右獨立雙區皕讀鬚,,,,內裝－Hexagon織布/麂皮,,,方向盤F1 Style變速調整裝置,
駕駛座及前乘客座輔助氣囊,,,,,,車內自動防眩後視鏡(附電子羅盤),,,,,,,,,,,,,,,智慧型恆溫冷暖空調,,,,麂皮/真皮皮質,,,方向盤VSI資訊遙控,
駕駛座正面氣囊,,,,,,車內後視鏡(附自動防眩),,,,,,,,,,,,,,,智慧型恆溫空調,,,,,,,方向盤四向調整功能,
駕駛座連續可變容積i-SRS輔助氣囊,,,,,,防眩車內自動後視鏡,,,,,,,,,,,,,,,智慧型電子恆溫空調,,,,,,,方向盤四向調整功能 (前後 & 上下),
駕駛座與乘客座位側面安全氣囊,,,,,,室內自動防眩後視鏡,,,,,,,,,,,,,,,智慧雙區獨立恆溫空調 ?,,,,,,,方向盤行車記錄資訊控制鍵,
駕駛座輔助氣囊,,,,,,後視鏡自動下潛功能,,,,,,,,,,,,,,,智慧雙區獨立恆溫空調?,,,,,,,方向盤行車資訊控制鍵,
駕駛座膝部SRS氣囊,,,,,,後視鏡自動防眩目,,,,,,,,,,,,,,,智慧雙區獨立恆溫空調系統,,,,,,,方向盤位置調整（手動4向）,
駕駛座膝部SRS輔助氣囊,,,,,,後視鏡自動防眩目手動,,,,,,,,,,,,,,,微電腦恆溫空調,,,,,,,方向盤快控鍵,
駕駛座膝部氣囊,,,,,,後視鏡自動防眩目車內,,,,,,,,,,,,,,,節能空調系統,,,,,,,方向盤快撥鍵(音響/定速/MID控制),
駕駛座膝部氣囊駕駛座膝部SRS氣囊,,,,,,後視鏡自動防眩目車內、車外,,,,,,,,,,,,,,,電子式冷暖空調系統,,,,,,,方向盤定速巡航控制系統,
駕駛座頭頸部及骨盆側氣囊,,,,,,後視鏡自動防眩目車外,,,,,,,,,,,,,,,電子式恆溫控制空調系統,,,,,,,方向盤音響快撥鍵,
頭部氣囊,,,,,,後視鏡自動防眩目標配,,,,,,,,,,,,,,,電子冷暖空調系統,,,,,,,方向盤音響快撥鍵(附夜間照明),
雙車側簾幕式SRS氣囊,,,,,,後視鏡速度感應自動展開,,,,,,,,,,,,,,,豪華型四區獨立恆溫空調系統,,,,,,,方向盤音響控制開關及車速感應式音量控制功能,
雙前/後座車側 SRS 氣囊,,,,,,速度自動感應展開後視鏡,,,,,,,,,,,,,,,豪華型多區自動恆溫空調,,,,,,,方向盤音響控制器,
雙前座 SRS 氣囊,,,,,,電子自動防眩車內後視鏡,,,,,,,,,,,,,,,豪華型多區自動恆溫空調(THERMOTRONIC),,,,,,,方向盤音響控制鍵,
雙前座 SRS 氣囊(附前乘客座手動啟閉開關),,,,,,電子自動防眩後視鏡,,,,,,,,,,,,,,,豪華型多區恆溫空調 (THERMOTRONIC),,,,,,,方向盤音響與i-MID控制鍵,
雙前座 SRS 側氣囊,,,,,,,,,,,,,,,,,,,,,豪華型多區恆溫空調系統,,,,,,,方向盤高低調整功能,
雙前座 SRS 輔助氣囊,,,,,,,,,,,,,,,,,,,,,豪華型自動恆溫空調(THERM0TR0NIC),,,,,,,方向盤控制鍵,
雙前座SRS 氣囊,,,,,,,,,,,,,,,,,,,,,豪華型自動恆溫空調系統,,,,,,,方向盤控制鍵(含觸控顯示),
雙前座SRS 側氣囊,,,,,,,,,,,,,,,,,,,,,豪華型雙區恆溫空調,,,,,,,方向盤控制鍵(含觸控顯示)音響/空調/MID,
雙前座SRS 頭部氣囊,,,,,,,,,,,,,,,,,,,,,標準型恆溫空調,,,,,,,方向盤控制鍵(音響 / MID控制),
雙前座SRS前輔助氣囊,,,,,,,,,,,,,,,,,,,,,標準型恆溫空調(THERMATIC),,,,,,,方向盤控制鍵(音響),
雙前座SRS氣囊,,,,,,,,,,,,,,,,,,,,,標準型恆溫空調系統,,,,,,,方向盤控制鍵（音響/空調/MID）,
雙前座SRS氣囊附助手席閥閉功能,,,,,,,,,,,,,,,,,,,,,標準型雙區自動恆溫空調 (THERMATIC),,,,,,,方向盤控制鍵（音響/空調/MID/藍牙）,
雙前座SRS側氣囊,,,,,,,,,,,,,,,,,,,,,標準型雙區自動恆溫空調(THERMATIC),,,,,,,方向盤控制鍵(音響+MID),
雙前座SRS側輔助氣囊,,,,,,,,,,,,,,,,,,,,,獨立式恆溫控制空調系統,,,,,,,方向盤控制鍵(音響+MID+藍牙),
雙前座SRS輔助氣囊,,,,,,,,,,,,,,,,,,,,,獨立式恆溫控制空調系統（三區獨立）,,,,,,,方向盤控制鍵─音響/藍牙/MID/影像顯示,
雙前座SRS頭胸部側氣囊,,,,,,,,,,,,,,,,,,,,,獨立式恆溫控制空調系統（四區獨立）,,,,,,,方向盤控制鍵─音響/藍牙/MID/影像顯示功能,
雙前座正面氣囊,,,,,,,,,,,,,,,,,,,,,獨立式恆溫控制空調系統（左右獨立）,,,,,,,方向盤控制鍵─音響及行車資訊,
雙前座車側 SRS 氣囊,,,,,,,,,,,,,,,,,,,,,獨立式恆溫控制空調系統（雙區獨立）,,,,,,,方向盤換擋快撥桿,
雙前座車側SRS氣囊,,,,,,,,,,,,,,,,,,,,,獨立式雙區電子恆溫空調系,,,,,,,方向盤換擋撥片,
雙前座車側SRS輔助氣囊,,,,,,,,,,,,,,,,,,,,,獨立恆溫空調,,,,,,,方向盤換檔,
雙前座兩段式SRS輔助氣囊+雙前座側邊SRS氣囊,,,,,,,,,,,,,,,,,,,,,獨立恆溫空調系統,,,,,,,方向盤換檔裝置,
雙前座空氣囊,,,,,,,,,,,,,,,,,,,,,鍍鉻空調出風口調整紐,,,,,,,方向盤換檔裝置（鋁質換檔撥片）,
雙前座空氣囊 / 雙前座側邊空氣囊?,,,,,,,,,,,,,,,,,,,,,鍍鉻空調出風口調整鈕,,,,,,,方向盤換檔撥片,
雙前座空氣囊/雙前座側邊空氣囊,,,,,,,,,,,,,,,,,,,,,鍍鉻空調出風口調整鍵,,,,,,,方向盤換檔撥桿,
雙前座空氣囊?,,,,,,,,,,,,,,,,,,,,,雙前座空調座椅(可通風/加熱),,,,,,,方向盤電動調整,
雙前座氣囊,,,,,,,,,,,,,,,,,,,,,雙前座空調透氣皮椅,,,,,,,方向盤潛望鏡式多向調整,
雙前座骨盆氣囊,,,,,,,,,,,,,,,,,,,,,雙區分離式恆溫空調系統含活性碳微濾網,,,,,,,方向盤調整,
雙前座側方 SRS 輔助氣囊,,,,,,,,,,,,,,,,,,,,,雙區全自動電子恆溫空調系統,,,,,,,方向盤調整4向,
雙前座側方SRS輔助氣囊,,,,,,,,,,,,,,,,,,,,,雙區自動恆溫空調,,,,,,,方向盤調整4向電子,
雙前座側面氣囊,,,,,,,,,,,,,,,,,,,,,雙區自動恆溫空調(THERMATIC),,,,,,,方向盤調整手動,
雙前座側氣囊,,,,,,,,,,,,,,,,,,,,,雙區自動恆溫空調系統,,,,,,,方向盤調整手動4向,
雙前座側輔助氣囊,,,,,,,,,,,,,,,,,,,,,雙區恆溫空調（附粉塵過瀘裝置）,,,,,,,方向盤調整手動四向,
雙前座側簾幕式SRS輔助氣囊,,,,,,,,,,,,,,,,,,,,,雙區電子恆溫空調系統 (Climatronic),,,,,,,方向盤調整手動高低,
雙前座側邊SRS氣囊,,,,,,,,,,,,,,,,,,,,,觸控式空調面板,,,,,,,方向盤調整功能 (附音響、藍牙通訊、定速、旅程資訊控制鍵),
雙前座側邊SRS輔助氣囊,,,,,,,,,,,,,,,,,,,,,觸控式恆溫空調系統,,,,,,,方向盤調整功能 (附音響、藍牙通訊、定速、旅程資訊控制鍵)（,
雙前座側邊空氣囊,,,,,,,,,,,,,,,,,,,,,,,,,,,,方向盤調整電動,
雙前座側邊空氣囊?,,,,,,,,,,,,,,,,,,,,,,,,,,,,方向盤調整電動4向,
雙前座智慧型兩階段式SRS氣囊,,,,,,,,,,,,,,,,,,,,,,,,,,,,方向盤整合式音響控制鍵,
雙前座椅側 SRS 氣囊,,,,,,,,,,,,,,,,,,,,,,,,,,,,方向盤聲控/音響控制鍵,
雙前座椅側內置式SRS氣囊,,,,,,,,,,,,,,,,,,,,,,,,,,,,方向盤藍芽控制鍵,
雙前座輔助氣囊,,,,,,,,,,,,,,,,,,,,,,,,,,,,方向盤轉向角度顯示,
雙前座膝部SRS氣囊,,,,,,,,,,,,,,,,,,,,,,,,,,,,方向盤轉向角度顯示功能,
雙前座膝部SRS氣囊（駕駛座）,,,,,,,,,,,,,,,,,,,,,,,,,,,,可盔縮式方向盤,
雙前座膝部氣囊,,,,,,,,,,,,,,,,,,,,,,,,,,,,可潰縮方向盤、油門踏板,
雙後座SRS側氣囊,,,,,,,,,,,,,,,,,,,,,,,,,,,,可潰縮式方向盤／油門／煞 車踏板,
雙後座椅側內置式SRS氣囊,,,,,,,,,,,,,,,,,,,,,,,,,,,,可潰縮式方向盤/油門/煞車踏板,
雙座空氣囊,,,,,,,,,,,,,,,,,,,,,,,,,,,,可潰縮式方向盤／油門／煞車踏板,
雙座側邊空氣囊,,,,,,,,,,,,,,,,,,,,,,,,,,,,可調式方向盤,
雙側邊簾幕式SRS氣囊,,,,,,,,,,,,,,,,,,,,,,,,,,,,可調式方向盤（四向）,
雙側邊簾幕式SRS輔助氣囊,,,,,,,,,,,,,,,,,,,,,,,,,,,,可調式四向方向盤,
簾幕式車側氣囊,,,,,,,,,,,,,,,,,,,,,,,,,,,,可調式四向真皮方向盤,
簾幕式側方 SRS 輔助氣囊,,,,,,,,,,,,,,,,,,,,,,,,,,,,可調式高低方向盤,
簾幕式側方SRS輔助氣囊,,,,,,,,,,,,,,,,,,,,,,,,,,,,四向可調式動力方向盤,
簾幕式輔助氣囊,,,,,,,,,,,,,,,,,,,,,,,,,,,,四向可調電子動力方向盤,
,,,,,,,,,,,,,,,,,,,,,,,,,,,,四向電動方向盤調整,
,,,,,,,,,,,,,,,,,,,,,,,,,,,,四向電動調整方向盤附便利進出功能,
,,,,,,,,,,,,,,,,,,,,,,,,,,,,四向調整式動力方向盤,
,,,,,,,,,,,,,,,,,,,,,,,,,,,,四幅式真皮方向盤,
,,,,,,,,,,,,,,,,,,,,,,,,,,,,四幅式真皮方向盤（高低前後可調）,
,,,,,,,,,,,,,,,,,,,,,,,,,,,,四幅式真皮多功能方向盤,
,,,,,,,,,,,,,,,,,,,,,,,,,,,,四輻式 多功能 nappa 真皮方向盤,
,,,,,,,,,,,,,,,,,,,,,,,,,,,,四輻式真皮多功能方向盤,
,,,,,,,,,,,,,,,,,,,,,,,,,,,,皮革方向盤,
,,,,,,,,,,,,,,,,,,,,,,,,,,,,皮質方向盤,
,,,,,,,,,,,,,,,,,,,,,,,,,,,,皮質方向盤(附音響/定速/免 持通話快撥鍵),
,,,,,,,,,,,,,,,,,,,,,,,,,,,,皮質包覆三幅式方向盤,
,,,,,,,,,,,,,,,,,,,,,,,,,,,,皮質包覆方向盤,
,,,,,,,,,,,,,,,,,,,,,,,,,,,,皮質包覆方向盤/排檔桿,
,,,,,,,,,,,,,,,,,,,,,,,,,,,,皮質高低可調動力方向盤,
,,,,,,,,,,,,,,,,,,,,,,,,,,,,多功能方向盤,
,,,,,,,,,,,,,,,,,,,,,,,,,,,,多功能方向盤＋旅程電腦,
,,,,,,,,,,,,,,,,,,,,,,,,,,,,多功能方向盤控制鍵(音響＋MID控制),
,,,,,,,,,,,,,,,,,,,,,,,,,,,,多功能真皮方向盤,
,,,,,,,,,,,,,,,,,,,,,,,,,,,,多功能整合式方向盤,
,,,,,,,,,,,,,,,,,,,,,,,,,,,,多功能整合式方向盤(音響/定速),
,,,,,,,,,,,,,,,,,,,,,,,,,,,,多功能整合式方向盤(音響/定速/導航),
,,,,,,,,,,,,,,,,,,,,,,,,,,,,多向調整潛望鏡式方向盤,
,,,,,,,,,,,,,,,,,,,,,,,,,,,,多向調整潛望鏡式方向盤附類金屬飾板,
,,,,,,,,,,,,,,,,,,,,,,,,,,,,車速感應式動力方向盤,
,,,,,,,,,,,,,,,,,,,,,,,,,,,,車速感應式動力方向盤 (Direct-Steer),
,,,,,,,,,,,,,,,,,,,,,,,,,,,,車速感應式動力方向盤(Direct-Steer),
,,,,,,,,,,,,,,,,,,,,,,,,,,,,具備方向盤控制鈕的定速控制系統,
,,,,,,,,,,,,,,,,,,,,,,,,,,,,金屬炫銀式方向盤,
,,,,,,,,,,,,,,,,,,,,,,,,,,,,前後上下可調式EPS電動輔助方向盤,
,,,,,,,,,,,,,,,,,,,,,,,,,,,,前後上下可調式方向盤,
,,,,,,,,,,,,,,,,,,,,,,,,,,,,炫黑真皮方向盤,
,,,,,,,,,,,,,,,,,,,,,,,,,,,,炫銀方向盤(附四向調整),
,,,,,,,,,,,,,,,,,,,,,,,,,,,,炫銀方向盤（附四向調整）,
,,,,,,,,,,,,,,,,,,,,,,,,,,,,炫銀樣式方向盤,
,,,,,,,,,,,,,,,,,,,,,,,,,,,,音響 / MID控制方向盤控制鍵,
,,,,,,,,,,,,,,,,,,,,,,,,,,,,原木銜覆鋁合金方向盤,
,,,,,,,,,,,,,,,,,,,,,,,,,,,,時尚式樣方向盤,
,,,,,,,,,,,,,,,,,,,,,,,,,,,,真皮/核桃木多功能方向盤材質,
,,,,,,,,,,,,,,,,,,,,,,,,,,,,真皮方向盤,
,,,,,,,,,,,,,,,,,,,,,,,,,,,,真皮方向盤材質,
,,,,,,,,,,,,,,,,,,,,,,,,,,,,真皮方向盤附音響與定速巡航控制鍵,
,,,,,,,,,,,,,,,,,,,,,,,,,,,,真皮方向盤附控制鍵,
,,,,,,,,,,,,,,,,,,,,,,,,,,,,真皮方向盤附控制鍵（音響 / MID / 藍牙）,
,,,,,,,,,,,,,,,,,,,,,,,,,,,,真皮方向盤附控制鍵（音響 / MID）,
,,,,,,,,,,,,,,,,,,,,,,,,,,,,真皮方向盤附控制鍵（音響）,
,,,,,,,,,,,,,,,,,,,,,,,,,,,,真皮方向盤與排檔頭,
,,,,,,,,,,,,,,,,,,,,,,,,,,,,真皮木紋方向盤,
,,,,,,,,,,,,,,,,,,,,,,,,,,,,真皮包覆3幅式方向盤附類金屬飾板,
,,,,,,,,,,,,,,,,,,,,,,,,,,,,真皮包覆方向盤,
,,,,,,,,,,,,,,,,,,,,,,,,,,,,真皮包覆方向盤及排檔桿頭,
,,,,,,,,,,,,,,,,,,,,,,,,,,,,真皮包覆式方向盤/背光方向盤快撥鍵,
,,,,,,,,,,,,,,,,,,,,,,,,,,,,真皮包覆原木方向盤,
,,,,,,,,,,,,,,,,,,,,,,,,,,,,真皮多功能方向盤材質,
,,,,,,,,,,,,,,,,,,,,,,,,,,,,真皮動力方向盤,
,,,,,,,,,,,,,,,,,,,,,,,,,,,,真皮動力多功能方向盤,
,,,,,,,,,,,,,,,,,,,,,,,,,,,,真皮動力輔助多功能方向盤,
,,,,,,,,,,,,,,,,,,,,,,,,,,,,真皮軟質方向盤,
,,,,,,,,,,,,,,,,,,,,,,,,,,,,真皮銜覆原木方向盤,
,,,,,,,,,,,,,,,,,,,,,,,,,,,,真皮銜覆頂級胡桃木跑車方向盤,
,,,,,,,,,,,,,,,,,,,,,,,,,,,,真皮銜覆鋁合金方向盤,
,,,,,,,,,,,,,,,,,,,,,,,,,,,,真皮銜覆鋁合金跑車方向盤,
,,,,,,,,,,,,,,,,,,,,,,,,,,,,高低可調三幅式軟質方向盤,
,,,,,,,,,,,,,,,,,,,,,,,,,,,,高低可調三幅式軟質方向盤(皮質),
,,,,,,,,,,,,,,,,,,,,,,,,,,,,高低可調三幅式軟質方向盤（真皮）,
,,,,,,,,,,,,,,,,,,,,,,,,,,,,高低可調式EPS電動輔助方向盤,
,,,,,,,,,,,,,,,,,,,,,,,,,,,,高低可調式方向盤 (儀表板連動),
,,,,,,,,,,,,,,,,,,,,,,,,,,,,高低可調動力方向盤,
,,,,,,,,,,,,,,,,,,,,,,,,,,,,高低伸縮電動調整方向盤,
,,,,,,,,,,,,,,,,,,,,,,,,,,,,高低前後可調方向盤,
,,,,,,,,,,,,,,,,,,,,,,,,,,,,高低前後可調式方向盤,
,,,,,,,,,,,,,,,,,,,,,,,,,,,,高性能三幅式平底跑車方向盤,
,,,,,,,,,,,,,,,,,,,,,,,,,,,,高級皮木方向盤,
,,,,,,,,,,,,,,,,,,,,,,,,,,,,高質感方向盤,
,,,,,,,,,,,,,,,,,,,,,,,,,,,,動力方向盤,
,,,,,,,,,,,,,,,,,,,,,,,,,,,,動力方向盤（速度感應式）,
,,,,,,,,,,,,,,,,,,,,,,,,,,,,敏捷操控動力方向盤,
,,,,,,,,,,,,,,,,,,,,,,,,,,,,軟質真皮方向盤,
,,,,,,,,,,,,,,,,,,,,,,,,,,,,速度感應式方向盤,
,,,,,,,,,,,,,,,,,,,,,,,,,,,,速度感應式液壓動力輔助方向盤,
,,,,,,,,,,,,,,,,,,,,,,,,,,,,智慧型多功能方向盤（附方向盤快撥鍵）,
,,,,,,,,,,,,,,,,,,,,,,,,,,,,跑車三幅式方向盤,
,,,,,,,,,,,,,,,,,,,,,,,,,,,,跑車式三輻 nappa 真皮方向盤,
,,,,,,,,,,,,,,,,,,,,,,,,,,,,跑車式多功能真皮方向盤,
,,,,,,,,,,,,,,,,,,,,,,,,,,,,跑車式多功能真皮方向盤含換檔撥桿,
,,,,,,,,,,,,,,,,,,,,,,,,,,,,跑車式真皮方向盤,
,,,,,,,,,,,,,,,,,,,,,,,,,,,,跑車式真皮方向盤含換檔撥桿,
,,,,,,,,,,,,,,,,,,,,,,,,,,,,感應動力真皮多功能方向盤,
,,,,,,,,,,,,,,,,,,,,,,,,,,,,電子動力輔助方向盤,
,,,,,,,,,,,,,,,,,,,,,,,,,,,,電動四向可調整方向盤 (附自動歸位功能),
,,,,,,,,,,,,,,,,,,,,,,,,,,,,電動調整方向盤,
,,,,,,,,,,,,,,,,,,,,,,,,,,,,電動調整方向盤附便利進出功能,
,,,,,,,,,,,,,,,,,,,,,,,,,,,,豪華型多功能三輻式方向盤,
,,,,,,,,,,,,,,,,,,,,,,,,,,,,調整式動力多功能方向盤,
,,,,,,,,,,,,,,,,,,,,,,,,,,,,鋁合金方向盤換檔撥片,
,,,,,,,,,,,,,,,,,,,,,,,,,,,,鋁合金塗裝方向盤換檔撥片,
,,,,,,,,,,,,,,,,,,,,,,,,,,,,鋁鎂合金F1方向盤換擋撥片,
,,,,,,,,,,,,,,,,,,,,,,,,,,,,駕駛座/方向盤/車外後視鏡2組記憶裝置,
,,,,,,,,,,,,,,,,,,,,,,,,,,,,駕駛座椅記憶功能 (附方向盤、車外後視鏡角度連動記憶),
,,,,,,,,,,,,,,,,,,,,,,,,,,,,整合式多功能真皮方向盤,
,,,,,,,,,,,,,,,,,,,,,,,,,,,,整合式多功能真皮方向盤 (附換檔撥片及加熱功能),
,,,,,,,,,,,,,,,,,,,,,,,,,,,,叢集式多功能方向盤,
,,,,,,,,,,,,,,,,,,,,,,,,,,,,雙色真皮銜覆鋁合金跑車方向盤,
